<?xml version="1.0" encoding="UTF-8"?>
<project-private xmlns="http://www.netbeans.org/ns/project-private/1">
    <editor-bookmarks xmlns="http://www.netbeans.org/ns/editor-bookmarks/2" lastBookmarkId="0"/>
    <open-files xmlns="http://www.netbeans.org/ns/projectui-open-files/2">
        <group>
            <file>file:/D:/Cosas%20de%20luis/Estructura/Pr/Proyecto%20final/src/proyecto/final1/CargarInformacion.java</file>
            <file>file:/D:/Cosas%20de%20luis/Estructura/Pr/Proyecto%20final/src/proyecto/final1/Grafo.java</file>
            <file>file:/D:/Cosas%20de%20luis/Estructura/Pr/Proyecto%20final/src/proyecto/final1/Archivo.java</file>
        </group>
    </open-files>
</project-private>
