<?xml version="1.0" encoding="UTF-8"?>
<project-private xmlns="http://www.netbeans.org/ns/project-private/1">
    <editor-bookmarks xmlns="http://www.netbeans.org/ns/editor-bookmarks/2" lastBookmarkId="0"/>
    <open-files xmlns="http://www.netbeans.org/ns/projectui-open-files/2">
        <group>
            <file>file:/C:/Users/samer/OneDrive/Documentos/NetBeansProjects/Proyecto%20final/src/proyecto/final1/Vertice.java</file>
            <file>file:/C:/Users/samer/OneDrive/Documentos/NetBeansProjects/Proyecto%20final/src/proyecto/final1/Dijkstra.java</file>
            <file>file:/C:/Users/samer/OneDrive/Documentos/NetBeansProjects/Proyecto%20final/src/proyecto/final1/ColaLista.java</file>
            <file>file:/C:/Users/samer/OneDrive/Documentos/NetBeansProjects/Proyecto%20final/src/proyecto/final1/CargarInformacion.java</file>
            <file>file:/C:/Users/samer/OneDrive/Documentos/NetBeansProjects/Proyecto%20final/src/proyecto/final1/Grafo.java</file>
            <file>file:/C:/Users/samer/OneDrive/Documentos/NetBeansProjects/Proyecto%20final/src/proyecto/final1/Archivo.java</file>
            <file>file:/C:/Users/samer/OneDrive/Documentos/NetBeansProjects/Proyecto%20final/src/proyecto/final1/ListaAlmacen.java</file>
        </group>
    </open-files>
</project-private>
